,Penjual,Lokasi,Produk,Harga,Rate,Tejual
0,xionco,Jakarta Selatan,CAMEO - Sofa Bed / Futon Sleeper Minimalis | XIONCO,Rp4.480.000,,0
1,xionco,Jakarta Selatan,Guise - Sofa Single Minimalis,Rp1.858.500,,0
2,xionco,Jakarta Selatan,NORA - Dining Chair / Kursi Makan Minimalis | XIONCO,Rp 870.000,,0
3,xionco,Jakarta Selatan,SYME - Sliding Wardrobe / Lemari Pakaian Baju Pintu Geser | XIONCO,Rp 7.513.000,,0
4,xionco,Jakarta Selatan,GLIZA - TV Cabinet Stand / Meja TV Minimalis | XIONCO,Rp 2.835.000,,0
5,xionco,Jakarta Selatan,Guise - 3 Seater Sofa Minimalis,Rp 3.874.500,,0
6,xionco,Jakarta Selatan,POEL - Platform Bed / Tempat Tidur Divan Minimalis | XIONCO,Rp 2.510.000,,0
7,xionco,Jakarta Selatan,ROULED - Nested Coffee Table / Meja Tamu Tumpuk Minimalis | XIONCO,Rp 825.000,,0
8,xionco,Jakarta Selatan,SOMNO - Platform Bed / Tempat Tidur Divan Minimalis | XIONCO,Rp 2.060.000,,0
9,xionco,Jakarta Selatan,ORYCTO - Leather Arm Couch Three Seat / Sofa Kulit Minimalis | XIONCO,Rp 2.966.000,,0
10,FurniCraft,Surabaya,"SOFA BED CLAIRE, MULTI FUNGSI MINIMALIS MURAH DAN BERKUALITAS",Rp1.999.000,,0
11,Ivaro Furniture,Tangerang,Sofa BED / Sofa Tidur / Sofa Kasur /SofaBed / Reklening GENNARO IVARO,Rp1.290.000,,0
12,Ivaro Furniture,Tangerang,Ivaro Erina Sofa Bed,Rp3.900.000,,0
13,xionco,Jakarta Selatan,CAMEO - Sofa Bed / Futon Sleeper Minimalis | XIONCO,Rp4.480.000,,0
14,isiruma,Tangerang,Sofa Bed Minimalis dan Nyaman New ALIVA - Isiruma,Rp1.149.000,,0
15,RUMAH SOFA 87,Jakarta Barat,sofa bed pillowtop,Rp1.699.000,,0
16,vita foam official,Kab. Tangerang,Edgy Sofa Bed,Rp2.650.000,,0
17,Ivaro Furniture,Tangerang,Ivaro Sofa Bed Airin,Rp2.900.000,,0
18,xionco,Jakarta Selatan,Guise - Sofa Single Minimalis,Rp1.858.500,,0
19,INTHEBOX Official Store,Bandung,INTHEBOX Pocket Spring Sofa 3 Seater Minimalis Free 2 Bantal Sofa,Rp3.299.000,,0
20,sofanala,Jakarta Selatan,SIMPLIS Sofa Bed,Rp3.201.000,,0
21,Nala Argani,Jakarta Selatan,Sofa Bed Minimalis,Rp2.800.000,,0
22,xionco,Jakarta Selatan,CAMEO - Sofa Bed / Futon Sleeper Minimalis | XIONCO,Rp4.480.000,,0
23,xionco,Jakarta Selatan,Guise - Sofa Single Minimalis,Rp1.858.500,,0
24,xionco,Jakarta Selatan,NORA - Dining Chair / Kursi Makan Minimalis | XIONCO,Rp 870.000,,0
25,xionco,Jakarta Selatan,SYME - Sliding Wardrobe / Lemari Pakaian Baju Pintu Geser | XIONCO,Rp 7.513.000,,0
26,xionco,Jakarta Selatan,GLIZA - TV Cabinet Stand / Meja TV Minimalis | XIONCO,Rp 2.835.000,,0
27,xionco,Jakarta Selatan,Guise - 3 Seater Sofa Minimalis,Rp 3.874.500,,0
28,xionco,Jakarta Selatan,POEL - Platform Bed / Tempat Tidur Divan Minimalis | XIONCO,Rp 2.510.000,,0
29,xionco,Jakarta Selatan,ROULED - Nested Coffee Table / Meja Tamu Tumpuk Minimalis | XIONCO,Rp 825.000,,0
30,xionco,Jakarta Selatan,SOMNO - Platform Bed / Tempat Tidur Divan Minimalis | XIONCO,Rp 2.060.000,,0
31,xionco,Jakarta Selatan,ORYCTO - Leather Arm Couch Three Seat / Sofa Kulit Minimalis | XIONCO,Rp 2.966.000,,0
32,FurniCraft,Surabaya,"SOFA BED CLAIRE, MULTI FUNGSI MINIMALIS MURAH DAN BERKUALITAS",Rp1.999.000,,0
33,Ivaro Furniture,Tangerang,Sofa BED / Sofa Tidur / Sofa Kasur /SofaBed / Reklening GENNARO IVARO,Rp1.290.000,,0
34,Ivaro Furniture,Tangerang,Ivaro Erina Sofa Bed,Rp3.900.000,,0
35,xionco,Jakarta Selatan,CAMEO - Sofa Bed / Futon Sleeper Minimalis | XIONCO,Rp4.480.000,,0
36,isiruma,Tangerang,Sofa Bed Minimalis dan Nyaman New ALIVA - Isiruma,Rp1.149.000,,0
37,RUMAH SOFA 87,Jakarta Barat,sofa bed pillowtop,Rp1.699.000,,0
38,vita foam official,Kab. Tangerang,Edgy Sofa Bed,Rp2.650.000,,0
39,Ivaro Furniture,Tangerang,Ivaro Sofa Bed Airin,Rp2.900.000,,0
40,xionco,Jakarta Selatan,Guise - Sofa Single Minimalis,Rp1.858.500,,0
41,INTHEBOX Official Store,Bandung,INTHEBOX Pocket Spring Sofa 3 Seater Minimalis Free 2 Bantal Sofa,Rp3.299.000,,0
42,sofanala,Jakarta Selatan,SIMPLIS Sofa Bed,Rp3.201.000,,0
43,Nala Argani,Jakarta Selatan,Sofa Bed Minimalis,Rp2.800.000,,0
44,xionco,Jakarta Selatan,CAMEO - Sofa Bed / Futon Sleeper Minimalis | XIONCO,Rp4.480.000,,0
45,xionco,Jakarta Selatan,Guise - Sofa Single Minimalis,Rp1.858.500,,0
46,xionco,Jakarta Selatan,NORA - Dining Chair / Kursi Makan Minimalis | XIONCO,Rp 870.000,,0
47,xionco,Jakarta Selatan,SYME - Sliding Wardrobe / Lemari Pakaian Baju Pintu Geser | XIONCO,Rp 7.513.000,,0
48,xionco,Jakarta Selatan,GLIZA - TV Cabinet Stand / Meja TV Minimalis | XIONCO,Rp 2.835.000,,0
49,xionco,Jakarta Selatan,Guise - 3 Seater Sofa Minimalis,Rp 3.874.500,,0
50,xionco,Jakarta Selatan,POEL - Platform Bed / Tempat Tidur Divan Minimalis | XIONCO,Rp 2.510.000,,0
51,xionco,Jakarta Selatan,ROULED - Nested Coffee Table / Meja Tamu Tumpuk Minimalis | XIONCO,Rp 825.000,,0
52,xionco,Jakarta Selatan,SOMNO - Platform Bed / Tempat Tidur Divan Minimalis | XIONCO,Rp 2.060.000,,0
53,xionco,Jakarta Selatan,ORYCTO - Leather Arm Couch Three Seat / Sofa Kulit Minimalis | XIONCO,Rp 2.966.000,,0
54,FurniCraft,Surabaya,"SOFA BED CLAIRE, MULTI FUNGSI MINIMALIS MURAH DAN BERKUALITAS",Rp1.999.000,,0
55,Ivaro Furniture,Tangerang,Sofa BED / Sofa Tidur / Sofa Kasur /SofaBed / Reklening GENNARO IVARO,Rp1.290.000,,0
56,Ivaro Furniture,Tangerang,Ivaro Erina Sofa Bed,Rp3.900.000,,0
57,xionco,Jakarta Selatan,CAMEO - Sofa Bed / Futon Sleeper Minimalis | XIONCO,Rp4.480.000,,0
58,isiruma,Tangerang,Sofa Bed Minimalis dan Nyaman New ALIVA - Isiruma,Rp1.149.000,,0
59,RUMAH SOFA 87,Jakarta Barat,sofa bed pillowtop,Rp1.699.000,,0
60,vita foam official,Kab. Tangerang,Edgy Sofa Bed,Rp2.650.000,,0
61,Ivaro Furniture,Tangerang,Ivaro Sofa Bed Airin,Rp2.900.000,,0
62,xionco,Jakarta Selatan,Guise - Sofa Single Minimalis,Rp1.858.500,,0
63,INTHEBOX Official Store,Bandung,INTHEBOX Pocket Spring Sofa 3 Seater Minimalis Free 2 Bantal Sofa,Rp3.299.000,,0
64,sofanala,Jakarta Selatan,SIMPLIS Sofa Bed,Rp3.201.000,,0
65,Nala Argani,Jakarta Selatan,Sofa Bed Minimalis,Rp2.800.000,,0
66,xionco,Jakarta Selatan,CAMEO - Sofa Bed / Futon Sleeper Minimalis | XIONCO,Rp4.480.000,,0
67,xionco,Jakarta Selatan,Guise - Sofa Single Minimalis,Rp1.858.500,,0
68,xionco,Jakarta Selatan,NORA - Dining Chair / Kursi Makan Minimalis | XIONCO,Rp 870.000,,0
69,xionco,Jakarta Selatan,SYME - Sliding Wardrobe / Lemari Pakaian Baju Pintu Geser | XIONCO,Rp 7.513.000,,0
70,xionco,Jakarta Selatan,GLIZA - TV Cabinet Stand / Meja TV Minimalis | XIONCO,Rp 2.835.000,,0
71,xionco,Jakarta Selatan,Guise - 3 Seater Sofa Minimalis,Rp 3.874.500,,0
72,xionco,Jakarta Selatan,POEL - Platform Bed / Tempat Tidur Divan Minimalis | XIONCO,Rp 2.510.000,,0
73,xionco,Jakarta Selatan,ROULED - Nested Coffee Table / Meja Tamu Tumpuk Minimalis | XIONCO,Rp 825.000,,0
74,xionco,Jakarta Selatan,SOMNO - Platform Bed / Tempat Tidur Divan Minimalis | XIONCO,Rp 2.060.000,,0
75,xionco,Jakarta Selatan,ORYCTO - Leather Arm Couch Three Seat / Sofa Kulit Minimalis | XIONCO,Rp 2.966.000,,0
76,FurniCraft,Surabaya,"SOFA BED CLAIRE, MULTI FUNGSI MINIMALIS MURAH DAN BERKUALITAS",Rp1.999.000,,0
77,Ivaro Furniture,Tangerang,Sofa BED / Sofa Tidur / Sofa Kasur /SofaBed / Reklening GENNARO IVARO,Rp1.290.000,,0
78,Ivaro Furniture,Tangerang,Ivaro Erina Sofa Bed,Rp3.900.000,,0
79,xionco,Jakarta Selatan,CAMEO - Sofa Bed / Futon Sleeper Minimalis | XIONCO,Rp4.480.000,,0
80,isiruma,Tangerang,Sofa Bed Minimalis dan Nyaman New ALIVA - Isiruma,Rp1.149.000,,0
81,RUMAH SOFA 87,Jakarta Barat,sofa bed pillowtop,Rp1.699.000,,0
82,vita foam official,Kab. Tangerang,Edgy Sofa Bed,Rp2.650.000,,0
83,Ivaro Furniture,Tangerang,Ivaro Sofa Bed Airin,Rp2.900.000,,0
84,xionco,Jakarta Selatan,Guise - Sofa Single Minimalis,Rp1.858.500,,0
85,INTHEBOX Official Store,Bandung,INTHEBOX Pocket Spring Sofa 3 Seater Minimalis Free 2 Bantal Sofa,Rp3.299.000,,0
86,sofanala,Jakarta Selatan,SIMPLIS Sofa Bed,Rp3.201.000,,0
87,Nala Argani,Jakarta Selatan,Sofa Bed Minimalis,Rp2.800.000,,0
88,xionco,Jakarta Selatan,CAMEO - Sofa Bed / Futon Sleeper Minimalis | XIONCO,Rp4.480.000,,0
89,xionco,Jakarta Selatan,Guise - Sofa Single Minimalis,Rp1.858.500,,0
90,xionco,Jakarta Selatan,NORA - Dining Chair / Kursi Makan Minimalis | XIONCO,Rp 870.000,,0
91,xionco,Jakarta Selatan,SYME - Sliding Wardrobe / Lemari Pakaian Baju Pintu Geser | XIONCO,Rp 7.513.000,,0
92,xionco,Jakarta Selatan,GLIZA - TV Cabinet Stand / Meja TV Minimalis | XIONCO,Rp 2.835.000,,0
93,xionco,Jakarta Selatan,Guise - 3 Seater Sofa Minimalis,Rp 3.874.500,,0
94,xionco,Jakarta Selatan,POEL - Platform Bed / Tempat Tidur Divan Minimalis | XIONCO,Rp 2.510.000,,0
95,xionco,Jakarta Selatan,ROULED - Nested Coffee Table / Meja Tamu Tumpuk Minimalis | XIONCO,Rp 825.000,,0
96,xionco,Jakarta Selatan,SOMNO - Platform Bed / Tempat Tidur Divan Minimalis | XIONCO,Rp 2.060.000,,0
97,xionco,Jakarta Selatan,ORYCTO - Leather Arm Couch Three Seat / Sofa Kulit Minimalis | XIONCO,Rp 2.966.000,,0
98,FurniCraft,Surabaya,"SOFA BED CLAIRE, MULTI FUNGSI MINIMALIS MURAH DAN BERKUALITAS",Rp1.999.000,,0
99,Ivaro Furniture,Tangerang,Sofa BED / Sofa Tidur / Sofa Kasur /SofaBed / Reklening GENNARO IVARO,Rp1.290.000,,0
100,Ivaro Furniture,Tangerang,Ivaro Erina Sofa Bed,Rp3.900.000,,0
101,xionco,Jakarta Selatan,CAMEO - Sofa Bed / Futon Sleeper Minimalis | XIONCO,Rp4.480.000,,0
102,isiruma,Tangerang,Sofa Bed Minimalis dan Nyaman New ALIVA - Isiruma,Rp1.149.000,,0
103,RUMAH SOFA 87,Jakarta Barat,sofa bed pillowtop,Rp1.699.000,,0
104,vita foam official,Kab. Tangerang,Edgy Sofa Bed,Rp2.650.000,,0
105,Ivaro Furniture,Tangerang,Ivaro Sofa Bed Airin,Rp2.900.000,,0
106,xionco,Jakarta Selatan,Guise - Sofa Single Minimalis,Rp1.858.500,,0
107,INTHEBOX Official Store,Bandung,INTHEBOX Pocket Spring Sofa 3 Seater Minimalis Free 2 Bantal Sofa,Rp3.299.000,,0
108,sofanala,Jakarta Selatan,SIMPLIS Sofa Bed,Rp3.201.000,,0
109,Nala Argani,Jakarta Selatan,Sofa Bed Minimalis,Rp2.800.000,,0
110,xionco,Jakarta Selatan,CAMEO - Sofa Bed / Futon Sleeper Minimalis | XIONCO,Rp4.480.000,,0
111,xionco,Jakarta Selatan,Guise - Sofa Single Minimalis,Rp1.858.500,,0
112,xionco,Jakarta Selatan,NORA - Dining Chair / Kursi Makan Minimalis | XIONCO,Rp 870.000,,0
113,xionco,Jakarta Selatan,SYME - Sliding Wardrobe / Lemari Pakaian Baju Pintu Geser | XIONCO,Rp 7.513.000,,0
114,xionco,Jakarta Selatan,GLIZA - TV Cabinet Stand / Meja TV Minimalis | XIONCO,Rp 2.835.000,,0
115,xionco,Jakarta Selatan,Guise - 3 Seater Sofa Minimalis,Rp 3.874.500,,0
116,xionco,Jakarta Selatan,POEL - Platform Bed / Tempat Tidur Divan Minimalis | XIONCO,Rp 2.510.000,,0
117,xionco,Jakarta Selatan,ROULED - Nested Coffee Table / Meja Tamu Tumpuk Minimalis | XIONCO,Rp 825.000,,0
118,xionco,Jakarta Selatan,SOMNO - Platform Bed / Tempat Tidur Divan Minimalis | XIONCO,Rp 2.060.000,,0
119,xionco,Jakarta Selatan,ORYCTO - Leather Arm Couch Three Seat / Sofa Kulit Minimalis | XIONCO,Rp 2.966.000,,0
120,FurniCraft,Surabaya,"SOFA BED CLAIRE, MULTI FUNGSI MINIMALIS MURAH DAN BERKUALITAS",Rp1.999.000,,0
121,Ivaro Furniture,Tangerang,Sofa BED / Sofa Tidur / Sofa Kasur /SofaBed / Reklening GENNARO IVARO,Rp1.290.000,,0
122,Ivaro Furniture,Tangerang,Ivaro Erina Sofa Bed,Rp3.900.000,,0
123,xionco,Jakarta Selatan,CAMEO - Sofa Bed / Futon Sleeper Minimalis | XIONCO,Rp4.480.000,,0
124,isiruma,Tangerang,Sofa Bed Minimalis dan Nyaman New ALIVA - Isiruma,Rp1.149.000,,0
125,RUMAH SOFA 87,Jakarta Barat,sofa bed pillowtop,Rp1.699.000,,0
126,vita foam official,Kab. Tangerang,Edgy Sofa Bed,Rp2.650.000,,0
127,Ivaro Furniture,Tangerang,Ivaro Sofa Bed Airin,Rp2.900.000,,0
128,xionco,Jakarta Selatan,Guise - Sofa Single Minimalis,Rp1.858.500,,0
129,INTHEBOX Official Store,Bandung,INTHEBOX Pocket Spring Sofa 3 Seater Minimalis Free 2 Bantal Sofa,Rp3.299.000,,0
130,sofanala,Jakarta Selatan,SIMPLIS Sofa Bed,Rp3.201.000,,0
131,Nala Argani,Jakarta Selatan,Sofa Bed Minimalis,Rp2.800.000,,0
132,xionco,Jakarta Selatan,CAMEO - Sofa Bed / Futon Sleeper Minimalis | XIONCO,Rp4.480.000,,0
133,xionco,Jakarta Selatan,Guise - Sofa Single Minimalis,Rp1.858.500,,0
134,xionco,Jakarta Selatan,NORA - Dining Chair / Kursi Makan Minimalis | XIONCO,Rp 870.000,,0
135,xionco,Jakarta Selatan,SYME - Sliding Wardrobe / Lemari Pakaian Baju Pintu Geser | XIONCO,Rp 7.513.000,,0
136,xionco,Jakarta Selatan,GLIZA - TV Cabinet Stand / Meja TV Minimalis | XIONCO,Rp 2.835.000,,0
137,xionco,Jakarta Selatan,Guise - 3 Seater Sofa Minimalis,Rp 3.874.500,,0
138,xionco,Jakarta Selatan,POEL - Platform Bed / Tempat Tidur Divan Minimalis | XIONCO,Rp 2.510.000,,0
139,xionco,Jakarta Selatan,ROULED - Nested Coffee Table / Meja Tamu Tumpuk Minimalis | XIONCO,Rp 825.000,,0
140,xionco,Jakarta Selatan,SOMNO - Platform Bed / Tempat Tidur Divan Minimalis | XIONCO,Rp 2.060.000,,0
141,xionco,Jakarta Selatan,ORYCTO - Leather Arm Couch Three Seat / Sofa Kulit Minimalis | XIONCO,Rp 2.966.000,,0
142,FurniCraft,Surabaya,"SOFA BED CLAIRE, MULTI FUNGSI MINIMALIS MURAH DAN BERKUALITAS",Rp1.999.000,,0
143,Ivaro Furniture,Tangerang,Sofa BED / Sofa Tidur / Sofa Kasur /SofaBed / Reklening GENNARO IVARO,Rp1.290.000,,0
144,Ivaro Furniture,Tangerang,Ivaro Erina Sofa Bed,Rp3.900.000,,0
145,xionco,Jakarta Selatan,CAMEO - Sofa Bed / Futon Sleeper Minimalis | XIONCO,Rp4.480.000,,0
146,isiruma,Tangerang,Sofa Bed Minimalis dan Nyaman New ALIVA - Isiruma,Rp1.149.000,,0
147,RUMAH SOFA 87,Jakarta Barat,sofa bed pillowtop,Rp1.699.000,,0
148,vita foam official,Kab. Tangerang,Edgy Sofa Bed,Rp2.650.000,,0
149,Ivaro Furniture,Tangerang,Ivaro Sofa Bed Airin,Rp2.900.000,,0
150,xionco,Jakarta Selatan,Guise - Sofa Single Minimalis,Rp1.858.500,,0
151,INTHEBOX Official Store,Bandung,INTHEBOX Pocket Spring Sofa 3 Seater Minimalis Free 2 Bantal Sofa,Rp3.299.000,,0
152,sofanala,Jakarta Selatan,SIMPLIS Sofa Bed,Rp3.201.000,,0
153,Nala Argani,Jakarta Selatan,Sofa Bed Minimalis,Rp2.800.000,,0
154,xionco,Jakarta Selatan,CAMEO - Sofa Bed / Futon Sleeper Minimalis | XIONCO,Rp4.480.000,,0
155,xionco,Jakarta Selatan,Guise - Sofa Single Minimalis,Rp1.858.500,,0
156,xionco,Jakarta Selatan,NORA - Dining Chair / Kursi Makan Minimalis | XIONCO,Rp 870.000,,0
157,xionco,Jakarta Selatan,SYME - Sliding Wardrobe / Lemari Pakaian Baju Pintu Geser | XIONCO,Rp 7.513.000,,0
158,xionco,Jakarta Selatan,GLIZA - TV Cabinet Stand / Meja TV Minimalis | XIONCO,Rp 2.835.000,,0
159,xionco,Jakarta Selatan,Guise - 3 Seater Sofa Minimalis,Rp 3.874.500,,0
160,xionco,Jakarta Selatan,POEL - Platform Bed / Tempat Tidur Divan Minimalis | XIONCO,Rp 2.510.000,,0
161,xionco,Jakarta Selatan,ROULED - Nested Coffee Table / Meja Tamu Tumpuk Minimalis | XIONCO,Rp 825.000,,0
162,xionco,Jakarta Selatan,SOMNO - Platform Bed / Tempat Tidur Divan Minimalis | XIONCO,Rp 2.060.000,,0
163,xionco,Jakarta Selatan,ORYCTO - Leather Arm Couch Three Seat / Sofa Kulit Minimalis | XIONCO,Rp 2.966.000,,0
164,FurniCraft,Surabaya,"SOFA BED CLAIRE, MULTI FUNGSI MINIMALIS MURAH DAN BERKUALITAS",Rp1.999.000,,0
165,Ivaro Furniture,Tangerang,Sofa BED / Sofa Tidur / Sofa Kasur /SofaBed / Reklening GENNARO IVARO,Rp1.290.000,,0
166,Ivaro Furniture,Tangerang,Ivaro Erina Sofa Bed,Rp3.900.000,,0
167,xionco,Jakarta Selatan,CAMEO - Sofa Bed / Futon Sleeper Minimalis | XIONCO,Rp4.480.000,,0
168,isiruma,Tangerang,Sofa Bed Minimalis dan Nyaman New ALIVA - Isiruma,Rp1.149.000,,0
169,RUMAH SOFA 87,Jakarta Barat,sofa bed pillowtop,Rp1.699.000,,0
170,vita foam official,Kab. Tangerang,Edgy Sofa Bed,Rp2.650.000,,0
171,Ivaro Furniture,Tangerang,Ivaro Sofa Bed Airin,Rp2.900.000,,0
172,xionco,Jakarta Selatan,Guise - Sofa Single Minimalis,Rp1.858.500,,0
173,INTHEBOX Official Store,Bandung,INTHEBOX Pocket Spring Sofa 3 Seater Minimalis Free 2 Bantal Sofa,Rp3.299.000,,0
174,sofanala,Jakarta Selatan,SIMPLIS Sofa Bed,Rp3.201.000,,0
175,Nala Argani,Jakarta Selatan,Sofa Bed Minimalis,Rp2.800.000,,0
